City_ID,City,Country,Date,Lat,Lng,Max Temp,Humidity,Cloudiness,Wind Speed
0,Acajutla,SV,2021-04-01 16:49:11,13.5928,-89.8275,86.0,42,20,6.91
1,Andros Town,BS,2021-04-01 16:52:54,24.7,-77.7667,77.0,83,75,14.97
2,Kaohsiung,TW,2021-04-01 16:52:36,22.6163,120.3133,79.0,83,75,3.44
3,Suntar,RU,2021-04-01 16:52:55,62.1444,117.6319,-2.9,93,34,6.85
4,Barra Do Garcas,BR,2021-04-01 16:52:55,-15.89,-52.2567,89.69,48,70,3.94
5,Heiloo,NL,2021-04-01 16:52:55,52.6,4.7,48.99,72,19,8.01
6,Bengkulu,ID,2021-04-01 16:52:55,-3.8004,102.2655,76.5,88,100,10.96
7,Rikitea,PF,2021-04-01 16:51:21,-23.1203,-134.9692,73.92,87,100,12.71
8,Atuona,PF,2021-04-01 16:52:56,-9.8,-139.0333,80.2,79,92,17.9
9,Ahipara,NZ,2021-04-01 16:52:56,-35.1667,173.1667,61.57,87,6,9.8
10,Piranhas,BR,2021-04-01 16:52:56,-16.4269,-51.8222,90.36,45,29,3.0
11,Cumra,TR,2021-04-01 16:52:56,37.5732,32.7745,46.4,66,75,9.22
12,Castro,BR,2021-04-01 16:52:57,-24.7911,-50.0119,71.76,38,23,2.46
13,Nikolskoye,RU,2021-04-01 16:52:57,59.7035,30.7861,41.0,60,0,8.95
14,Panjab,AF,2021-04-01 16:52:57,34.388,67.0233,25.45,64,2,4.97
15,Kapaa,US,2021-04-01 16:52:57,22.0752,-159.319,73.4,83,90,13.8
16,Saldanha,ZA,2021-04-01 16:52:58,-33.0117,17.9442,68.0,52,45,13.8
17,Lagoa,PT,2021-04-01 16:52:58,39.05,-27.9833,59.02,83,99,23.85
18,Jamestown,US,2021-04-01 16:48:52,42.097,-79.2353,28.99,63,90,19.57
19,Butaritari,KI,2021-04-01 16:52:58,3.0707,172.7902,82.18,78,42,15.35
20,Paraiso,CR,2021-04-01 16:52:58,9.8383,-83.8656,78.01,61,20,24.16
21,Arman,RU,2021-04-01 16:52:59,59.7,150.1667,6.91,79,79,10.83
22,High Prairie,CA,2021-04-01 16:52:59,55.4334,-116.4858,37.4,56,96,6.91
23,Walvis Bay,NA,2021-04-01 16:52:59,-22.9575,14.5053,69.01,80,22,11.99
24,Narasannapeta,IN,2021-04-01 16:52:59,18.4167,84.05,80.4,92,43,7.34
25,Bedford,GB,2021-04-01 16:53:00,52.1346,-0.4663,46.99,81,75,16.11
26,Busselton,AU,2021-04-01 16:53:00,-33.65,115.3333,64.0,94,82,5.12
27,Pisco,PE,2021-04-01 16:53:00,-13.7,-76.2167,71.6,73,2,9.22
28,Marsala,IT,2021-04-01 16:53:00,37.7966,12.4352,64.4,77,0,8.05
29,Winslow,US,2021-04-01 16:53:01,35.0242,-110.6974,44.6,19,1,4.61
30,Masumbwe,TZ,2021-04-01 16:53:01,-3.6333,32.1833,67.03,87,77,0.09
31,Avarua,CK,2021-04-01 16:53:01,-21.2078,-159.775,77.0,78,20,3.44
32,Mangrol,IN,2021-04-01 16:53:01,21.1167,70.1167,78.82,78,0,11.92
33,Klaksvik,FO,2021-04-01 16:53:02,62.2266,-6.589,44.6,93,75,17.27
34,Kondinskoye,RU,2021-04-01 16:53:02,59.6481,67.41,32.74,98,100,10.13
35,Chicama,PE,2021-04-01 16:53:02,-7.8447,-79.1469,68.0,88,75,11.5
36,Yellowknife,CA,2021-04-01 16:53:02,62.456,-114.3525,12.2,79,90,13.8
37,Guanica,PR,2021-04-01 16:53:03,17.9716,-66.908,88.0,58,0,18.99
38,Mataura,NZ,2021-04-01 16:53:03,-46.1927,168.8643,54.0,91,100,21.99
39,Bluff,NZ,2021-04-01 16:53:03,-46.6,168.3333,54.0,91,100,21.99
40,Puerto Escondido,MX,2021-04-01 16:53:03,15.85,-97.0667,84.2,84,1,8.05
41,Kruisfontein,ZA,2021-04-01 16:53:03,-34.0033,24.7314,64.0,73,75,1.99
42,Geraldton,AU,2021-04-01 16:53:04,-28.7667,114.6,77.0,88,90,11.5
43,Constitucion,CL,2021-04-01 16:53:04,-35.3333,-72.4167,65.28,67,7,5.48
44,Flinders,AU,2021-04-01 16:53:04,-34.5833,150.8552,61.0,87,89,1.01
45,Beyneu,KZ,2021-04-01 16:53:04,45.3167,55.2,47.97,38,1,18.59
46,Albany,US,2021-04-01 16:50:29,42.6001,-73.9662,37.0,66,100,13.0
47,Grand Haven,US,2021-04-01 16:51:48,43.0631,-86.2284,35.01,37,40,20.71
48,Kodiak,US,2021-04-01 16:53:05,57.79,-152.4072,23.0,39,1,26.46
49,Touros,BR,2021-04-01 16:53:05,-5.1989,-35.4608,87.8,51,40,14.97
50,Hammerfest,NO,2021-04-01 16:53:05,70.6634,23.6821,33.8,80,0,2.3
51,Ushuaia,AR,2021-04-01 16:49:58,-54.8,-68.3,55.4,47,20,3.44
52,Comodoro Rivadavia,AR,2021-04-01 16:53:05,-45.8667,-67.5,59.0,88,75,1.05
53,Lata,PT,2021-04-01 16:53:06,40.1629,-8.3327,64.0,87,83,1.01
54,Punta Arenas,CL,2021-04-01 16:52:23,-53.15,-70.9167,50.0,81,0,9.22
55,Fortuna,US,2021-04-01 16:53:06,40.5982,-124.1573,52.0,62,1,5.75
56,Cabo San Lucas,MX,2021-04-01 16:49:18,22.8909,-109.9124,79.0,35,1,2.77
57,Cidreira,BR,2021-04-01 16:53:06,-30.1811,-50.2056,72.68,62,25,9.42
58,Bredasdorp,ZA,2021-04-01 16:53:06,-34.5322,20.0403,66.2,52,93,9.22
59,Chokurdakh,RU,2021-04-01 16:53:07,70.6333,147.9167,-15.23,99,89,4.27
60,Inhambane,MZ,2021-04-01 16:51:15,-23.865,35.3833,73.69,68,23,8.95
61,Abonnema,NG,2021-04-01 16:53:07,4.7084,6.7931,85.62,62,89,12.48
62,Puerto Ayora,EC,2021-04-01 16:53:07,-0.7393,-90.3518,82.4,74,20,10.36
63,Hilo,US,2021-04-01 16:53:08,19.7297,-155.09,66.0,79,90,5.75
64,Qaanaaq,GL,2021-04-01 16:53:08,77.484,-69.3632,7.18,83,100,6.17
65,Dahra,DZ,2021-04-01 16:53:08,36.2546,0.8519,91.4,31,0,0.83
66,Buraydah,SA,2021-04-01 16:52:27,26.326,43.975,91.4,31,75,9.22
67,Concepcion,CL,2021-04-01 16:53:08,-36.827,-73.0498,62.6,72,20,8.05
68,Kirkwall,GB,2021-04-01 16:53:09,58.9848,-2.9587,44.6,65,20,11.5
69,Tasiilaq,GL,2021-04-01 16:53:09,65.6145,-37.6368,32.0,69,75,3.0
70,Tiksi,RU,2021-04-01 16:53:09,71.6872,128.8694,-6.88,99,100,8.75
71,Sinnamary,GF,2021-04-01 16:53:09,5.3833,-52.95,81.82,71,92,12.66
72,Provideniya,RU,2021-04-01 16:53:10,64.3833,-173.3,3.76,92,97,1.81
73,Bambous Virieux,MU,2021-04-01 16:53:10,-20.3428,57.7575,80.6,78,40,8.05
74,Hobart,AU,2021-04-01 16:49:10,-42.8794,147.3294,57.99,72,90,5.75
75,Mahebourg,MU,2021-04-01 16:53:10,-20.4081,57.7,80.6,78,40,8.05
76,Fort Frances,CA,2021-04-01 16:53:02,48.5999,-93.4003,37.99,37,1,8.05
77,Mar Del Plata,AR,2021-04-01 16:53:10,-38.0023,-57.5575,68.0,68,75,11.5
78,Cayenne,GF,2021-04-01 16:53:11,4.9333,-52.3333,87.8,62,40,14.97
79,Thompson,CA,2021-04-01 16:53:11,55.7435,-97.8558,30.2,64,75,8.05
80,Gavle,SE,2021-04-01 16:53:11,60.6745,17.1417,46.0,36,84,5.99
81,Adrar,MR,2021-04-01 16:53:11,20.5022,-10.0711,98.82,3,82,10.02
82,Georgetown,MY,2021-04-01 16:51:04,5.4112,100.3354,86.0,74,20,3.44
83,Tabuk,PH,2021-04-01 16:53:12,17.4189,121.4443,72.5,77,18,3.65
84,Cape Town,ZA,2021-04-01 16:50:50,-33.9258,18.4232,66.99,59,0,23.02
85,Atar,MR,2021-04-01 16:53:12,20.5169,-13.0499,103.24,5,100,6.73
86,Arraial Do Cabo,BR,2021-04-01 16:53:12,-22.9661,-42.0278,84.2,57,20,26.46
87,Orlik,RU,2021-04-01 16:53:12,52.5178,99.825,-0.74,92,11,2.73
88,Turukhansk,RU,2021-04-01 16:53:13,65.8167,87.9833,3.58,79,10,14.38
89,Lebu,CL,2021-04-01 16:53:13,-37.6167,-73.65,61.11,79,80,11.18
90,Barrow,US,2021-04-01 16:51:51,71.2906,-156.7887,-11.2,70,1,10.36
91,Tura,IN,2021-04-01 16:53:13,25.5198,90.2201,73.49,22,0,7.43
92,Khatanga,RU,2021-04-01 16:53:13,71.9667,102.5,-36.22,100,10,2.66
93,Pacific Grove,US,2021-04-01 16:53:03,36.6177,-121.9166,71.6,26,1,4.61
94,Ternate,ID,2021-04-01 16:53:14,0.8,127.4,81.18,81,98,5.3
95,Alihe,CN,2021-04-01 16:53:14,50.5667,123.7167,35.06,84,100,3.18
96,Luanda,AO,2021-04-01 16:53:14,-8.8368,13.2343,84.2,70,20,10.36
97,Vaini,TO,2021-04-01 16:53:14,-21.2,-175.2,77.0,100,40,3.44
98,Bulawayo,ZW,2021-04-01 16:53:15,-20.15,28.5833,65.79,38,59,7.14
99,Balikpapan,ID,2021-04-01 16:53:15,-1.2675,116.8289,77.11,86,98,1.25
100,Jackson,US,2021-04-01 16:53:00,42.4165,-122.8345,46.4,61,1,0.69
101,Sao Filipe,CV,2021-04-01 16:53:15,14.8961,-24.4956,74.93,68,1,8.39
102,Honningsvag,NO,2021-04-01 16:53:15,70.9821,25.9704,33.96,83,100,4.05
103,Lac Du Bonnet,CA,2021-04-01 16:53:16,50.2536,-96.0612,43.0,68,63,5.01
104,Kuching,MY,2021-04-01 16:53:16,1.55,110.3333,77.0,100,20,2.3
105,Kununurra,AU,2021-04-01 16:53:16,-15.7667,128.7333,71.6,88,100,3.69
106,Rosetown,CA,2021-04-01 16:53:16,51.5501,-108.0014,44.01,52,82,12.66
107,Goderich,CA,2021-04-01 16:51:17,43.7501,-81.7165,24.8,74,100,18.41
108,New Norfolk,AU,2021-04-01 16:53:17,-42.7826,147.0587,57.99,74,100,2.93
109,Dunedin,NZ,2021-04-01 16:53:17,-45.8742,170.5036,66.0,52,100,10.0
110,Faya,SA,2021-04-01 16:53:17,18.3851,42.4509,71.6,49,0,6.91
111,Egvekinot,RU,2021-04-01 16:53:17,66.3167,-179.1667,-1.25,97,100,2.26
112,Bjornevatn,NO,2021-04-01 16:53:18,69.6672,29.9847,33.8,86,90,6.91
113,Mount Gambier,AU,2021-04-01 16:53:18,-37.8333,140.7667,57.2,77,66,6.91
114,Okhotsk,RU,2021-04-01 16:53:18,59.3833,143.3,11.34,80,92,9.78
115,Hermanus,ZA,2021-04-01 16:53:18,-34.4187,19.2345,66.99,60,69,4.0
116,Broome,US,2021-04-01 16:53:19,42.2506,-75.833,37.99,74,90,12.66
117,Souillac,MU,2021-04-01 16:53:19,-20.5167,57.5167,80.6,78,40,8.05
118,Levelland,US,2021-04-01 16:53:19,33.5873,-102.378,60.01,24,20,12.66
119,Porvoo,FI,2021-04-01 16:53:19,60.3923,25.6651,44.6,49,0,9.22
120,Gamba,GA,2021-04-01 16:53:20,-2.65,10.0,79.81,80,32,9.42
121,Najran,SA,2021-04-01 16:53:20,17.4924,44.1277,86.0,16,0,4.61
122,Dasoguz,TM,2021-04-01 16:53:20,41.8363,59.9666,46.4,42,0,13.8
123,Hithadhoo,MV,2021-04-01 16:53:20,-0.6,73.0833,83.77,77,99,16.82
124,Mayo,US,2021-04-01 16:53:20,38.8876,-76.5119,46.4,61,90,12.66
125,Lagos,NG,2021-04-01 16:53:21,6.5833,3.75,89.6,66,20,5.75
126,East London,ZA,2021-04-01 16:53:21,-33.0153,27.9116,66.2,72,75,6.91
127,Port Alfred,ZA,2021-04-01 16:53:21,-33.5906,26.891,67.21,74,45,7.83
128,Tadepallegudem,IN,2021-04-01 16:53:21,16.8333,81.5,87.8,62,20,8.05
129,Bisceglie,IT,2021-04-01 16:53:22,41.242,16.5044,64.4,48,0,2.3
130,Ibra,OM,2021-04-01 16:53:22,22.6906,58.5334,81.12,26,1,4.36
131,Luderitz,NA,2021-04-01 16:53:22,-26.6481,15.1594,70.03,66,0,16.84
132,Yenagoa,NG,2021-04-01 16:49:26,4.9247,6.2642,89.24,53,99,7.05
133,Barahona,DO,2021-04-01 16:53:22,18.2085,-71.1008,86.0,66,40,17.27
134,Dikson,RU,2021-04-01 16:53:23,73.5069,80.5464,-5.53,75,100,7.63
135,Salalah,OM,2021-04-01 16:53:23,17.0151,54.0924,84.2,70,0,4.61
136,Port Keats,AU,2021-04-01 16:53:23,-14.25,129.55,77.38,62,100,5.26
137,Namibe,AO,2021-04-01 16:53:23,-15.1961,12.1522,76.89,81,16,9.46
138,Mogadishu,SO,2021-04-01 16:53:23,2.0371,45.3438,82.2,77,6,16.17
139,Antofagasta,CL,2021-04-01 16:52:17,-23.65,-70.4,73.0,59,20,9.22
140,Iquique,CL,2021-04-01 16:51:00,-20.2208,-70.1431,71.6,56,40,11.5
141,Ballina,AU,2021-04-01 16:53:24,-28.8667,153.5667,69.8,78,90,11.5
142,Lerwick,GB,2021-04-01 16:53:24,60.1545,-1.1494,44.6,65,75,12.66
143,Komsomolskiy,UZ,2021-04-01 16:53:24,40.4272,71.7189,39.2,56,13,11.5
144,Daru,PG,2021-04-01 16:53:25,-9.0763,143.2092,77.43,91,100,6.13
145,Ixtapa,MX,2021-04-01 16:53:25,20.7,-105.2,77.0,41,1,5.14
146,Tongzi,CN,2021-04-01 16:53:25,28.7829,105.0877,57.02,72,100,5.73
147,Port Lincoln,AU,2021-04-01 16:53:25,-34.7333,135.8667,68.04,68,0,7.09
148,Toamasina,MG,2021-04-01 16:53:26,-18.1667,49.3833,77.16,87,86,9.69
149,Rizhao,CN,2021-04-01 16:53:26,35.4275,119.4553,47.8,90,100,11.61
150,Nome,US,2021-04-01 16:49:01,64.5011,-165.4064,-2.2,55,1,3.44
151,Saint-Philippe,RE,2021-04-01 16:53:26,-21.3585,55.7679,80.6,65,40,17.27
152,Evensk,RU,2021-04-01 16:53:26,61.95,159.2333,18.68,83,100,15.79
153,Nanakuli,US,2021-04-01 16:53:27,21.3906,-158.1547,73.0,83,1,5.75
154,Margate,GB,2021-04-01 16:53:07,51.3813,1.3862,44.01,80,10,5.99
155,Grand Gaube,MU,2021-04-01 16:53:27,-20.0064,57.6608,77.0,83,13,3.0
156,Gerpinnes,BE,2021-04-01 16:53:27,50.3379,4.5273,64.0,67,5,11.5
157,Udachnyy,RU,2021-04-01 16:53:27,66.4167,112.4,-15.05,97,100,9.19
158,Melfort,CA,2021-04-01 16:53:28,52.8667,-104.6177,39.2,60,82,16.11
159,Sao Jose Da Coroa Grande,BR,2021-04-01 16:53:28,-8.8978,-35.1478,84.97,62,81,11.97
160,La Paz,BO,2021-04-01 16:50:40,-16.5,-68.15,53.6,54,75,2.3
161,Port Elizabeth,ZA,2021-04-01 16:53:28,-33.918,25.5701,64.4,82,0,6.91
162,Swan Hill,AU,2021-04-01 16:53:29,-35.3378,143.5544,66.92,37,51,3.18
163,Hidalgo,MX,2021-04-01 16:53:29,20.5,-99.0,62.71,56,69,12.73
164,Itarema,BR,2021-04-01 16:53:29,-2.9248,-39.9167,85.3,65,88,14.43
165,Rajgarh,IN,2021-04-01 16:53:29,28.6333,75.3833,78.87,7,0,6.64
166,Bethel,US,2021-04-01 16:53:30,41.3712,-73.414,42.8,70,90,13.8
167,Rayong,TH,2021-04-01 16:53:30,12.8333,101.4333,89.01,79,55,9.73
168,College,US,2021-04-01 16:53:30,64.8569,-147.8028,3.0,71,90,9.22
169,Vao,NC,2021-04-01 16:53:30,-22.6667,167.4833,74.55,81,100,21.32
170,Guerrero Negro,MX,2021-04-01 16:53:31,27.9769,-114.0611,74.1,31,3,6.69
171,Codrington,AU,2021-04-01 16:53:31,-38.2667,141.9667,60.24,57,78,5.59
172,Mareeba,AU,2021-04-01 16:53:31,-17.0,145.4333,77.0,73,75,12.66
173,Isangel,VU,2021-04-01 16:53:31,-19.55,169.2667,77.32,88,99,10.4
174,Limoeiro Do Ajuru,BR,2021-04-01 16:53:31,-1.8953,-49.3806,81.36,79,98,3.89
175,Victoria,HK,2021-04-01 16:52:31,22.2855,114.1577,79.0,85,67,8.55
176,Ponta Do Sol,PT,2021-04-01 16:53:32,32.6667,-17.1,69.8,60,20,14.97
177,At-Bashi,KG,2021-04-01 16:53:32,41.1702,75.8106,23.34,63,97,3.09
178,Ambulu,ID,2021-04-01 16:53:32,-8.345,113.6058,75.69,89,100,2.24
179,Sovetskiy,RU,2021-04-01 16:53:33,61.3614,63.5842,31.19,95,94,5.88
180,Esperance,AU,2021-04-01 16:53:33,-33.8667,121.9,59.0,94,0,4.61
181,Meulaboh,ID,2021-04-01 16:53:33,4.1363,96.1285,76.8,77,100,3.76
182,Ozernovskiy,RU,2021-04-01 16:53:33,51.5,156.5167,31.57,98,100,20.47
183,Plouzane,FR,2021-04-01 16:53:34,48.3833,-4.6167,77.0,29,0,9.22
184,Saint George,US,2021-04-01 16:51:32,37.1041,-113.5841,63.0,22,1,4.97
185,Fukue,JP,2021-04-01 16:53:34,32.6881,128.8419,62.17,80,100,6.29
186,Aloleng,PH,2021-04-01 16:53:34,16.1307,119.7824,80.94,76,64,3.47
187,Galesong,ID,2021-04-01 16:53:34,-5.3166,119.3661,75.2,100,40,2.3
188,Shimoda,JP,2021-04-01 16:53:35,34.6667,138.95,61.0,68,74,13.22
189,Hasaki,JP,2021-04-01 16:53:35,35.7333,140.8333,54.0,82,75,6.91
190,Severo-Kurilsk,RU,2021-04-01 16:53:35,50.6789,156.125,31.8,90,99,21.74
191,Orcopampa,PE,2021-04-01 16:53:35,-15.2661,-72.3417,53.85,58,62,5.44
192,Xining,CN,2021-04-01 16:53:36,36.6167,101.7667,32.67,91,100,3.49
193,Faanui,PF,2021-04-01 16:53:36,-16.4833,-151.75,81.21,69,83,3.51
194,Opuwo,NA,2021-04-01 16:53:36,-18.0607,13.84,71.08,74,72,10.92
195,Mardin,TR,2021-04-01 16:49:44,37.3131,40.7436,48.16,56,20,5.61
196,Weiser,US,2021-04-01 16:53:36,44.251,-116.9693,51.01,39,1,5.57
197,Chapais,CA,2021-04-01 16:53:36,49.7834,-74.8492,12.2,73,90,12.66
198,San Quintin,MX,2021-04-01 16:53:37,30.4833,-115.95,68.29,44,0,6.35
199,Visnes,NO,2021-04-01 16:53:37,59.3556,5.2242,42.8,65,20,21.85
200,Reconquista,AR,2021-04-01 16:53:37,-29.15,-59.65,78.21,39,2,6.71
201,Taltal,CL,2021-04-01 16:53:37,-25.4,-70.4833,68.54,67,2,8.32
202,Nouadhibou,MR,2021-04-01 16:53:38,20.931,-17.0347,75.2,60,71,18.41
203,Mumford,GH,2021-04-01 16:53:38,5.2618,-0.759,83.03,75,9,11.48
204,Ilulissat,GL,2021-04-01 16:53:38,69.2167,-51.1,30.2,80,75,20.71
205,Tazovskiy,RU,2021-04-01 16:53:38,67.4667,78.7,6.91,89,100,20.49
206,Prachuap Khiri Khan,TH,2021-04-01 16:53:39,12.2167,99.75,72.77,92,84,4.09
207,Vilyuysk,RU,2021-04-01 16:53:39,63.7553,121.6247,2.64,84,65,10.85
208,Toms River,US,2021-04-01 16:53:39,39.9537,-74.1979,44.01,75,90,12.66
209,Carnarvon,AU,2021-04-01 16:53:39,-24.8667,113.6333,78.8,94,75,5.75
210,Pangnirtung,CA,2021-04-01 16:53:40,66.1451,-65.7125,-11.2,70,75,16.11
211,Tilichiki,RU,2021-04-01 16:53:40,60.4667,166.1,24.78,97,100,6.67
212,Tahoua,NE,2021-04-01 16:53:40,14.8888,5.2692,96.8,5,0,13.8
213,Sistranda,NO,2021-04-01 16:52:58,63.7256,8.834,37.4,93,75,32.21
214,Kutum,SD,2021-04-01 16:53:40,14.2,24.6667,80.1,13,18,2.39
215,Elat,IL,2021-04-01 16:53:41,29.5581,34.9482,77.0,38,0,4.61
216,Iracoubo,GF,2021-04-01 16:53:41,5.4802,-53.2011,80.78,76,90,12.15
217,Fairlie,GB,2021-04-01 16:53:41,55.756,-4.8556,51.01,65,17,4.0
218,Zhigansk,RU,2021-04-01 16:53:41,66.7697,123.3711,5.34,97,100,13.56
219,Tabas,IR,2021-04-01 16:53:42,33.5959,56.9244,74.08,16,68,4.74
220,Half Moon Bay,US,2021-04-01 16:53:42,37.4636,-122.4286,68.0,39,1,8.05
221,Milton,US,2021-04-01 16:53:42,34.1322,-84.3007,48.0,40,0,5.01
222,Grindavik,IS,2021-04-01 16:53:42,63.8424,-22.4338,42.8,81,90,12.66
223,Mazyr,BY,2021-04-01 16:53:42,52.0495,29.2456,54.97,67,93,5.79
224,Mana,GF,2021-04-01 16:53:43,5.6592,-53.7767,80.92,74,79,10.71
225,Estelle,US,2021-04-01 16:53:43,29.8458,-90.1067,61.0,35,1,16.11
226,Cherskiy,RU,2021-04-01 16:53:43,68.75,161.3,-22.76,97,5,2.84
227,Nanortalik,GL,2021-04-01 16:53:43,60.1432,-45.2371,37.78,80,76,9.46
228,Nyurba,RU,2021-04-01 16:53:44,63.2842,118.3319,-5.19,88,24,10.0
229,Emba,KZ,2021-04-01 16:53:44,48.8264,58.1442,19.2,74,3,6.64
230,Nagato,JP,2021-04-01 16:53:44,34.3833,131.2,59.0,77,0,13.8
231,Beloha,MG,2021-04-01 16:53:44,-25.1667,45.05,72.27,72,0,14.47
232,Gazli,UZ,2021-04-01 16:53:45,40.1333,63.45,48.58,33,1,18.84
233,Cantaura,VE,2021-04-01 16:53:45,9.3057,-64.3584,90.16,41,99,11.92
234,Omsukchan,RU,2021-04-01 16:53:45,62.5333,155.8,0.63,97,100,6.71
235,Yulara,AU,2021-04-01 16:53:45,-25.2406,130.9889,68.0,32,0,6.91
236,Tuktoyaktuk,CA,2021-04-01 16:53:45,69.4541,-133.0374,-23.8,76,20,11.5
237,Beringovskiy,RU,2021-04-01 16:53:46,63.05,179.3167,18.54,94,100,9.26
238,Lavrentiya,RU,2021-04-01 16:53:46,65.5833,-171.0,-8.61,91,100,0.76
239,Ribeira Grande,PT,2021-04-01 16:53:46,38.5167,-28.7,62.6,82,75,23.02
240,Tuatapere,NZ,2021-04-01 16:53:46,-46.1333,167.6833,54.0,91,100,21.99
241,Nouakchott,MR,2021-04-01 16:53:47,18.0858,-15.9785,84.2,42,69,17.27
242,Taraza,CO,2021-04-01 16:53:47,7.5836,-75.4007,85.98,76,95,3.47
243,Araouane,ML,2021-04-01 16:53:47,18.9048,-3.5265,97.72,4,56,12.35
244,Hualmay,PE,2021-04-01 16:53:47,-11.0964,-77.6139,74.08,73,66,10.22
245,Srednekolymsk,RU,2021-04-01 16:53:48,67.45,153.6833,-23.78,100,90,4.34
246,Villa Rica,US,2021-04-01 16:53:48,33.7321,-84.9191,46.0,52,0,11.01
247,Leh,IN,2021-04-01 16:53:48,34.1667,77.5833,30.25,33,55,3.53
248,Kaeo,NZ,2021-04-01 16:50:08,-35.1,173.7833,59.0,95,21,3.0
249,Cape Canaveral,US,2021-04-01 16:53:48,28.4058,-80.6048,77.0,69,40,18.41
250,Fort Nelson,CA,2021-04-01 16:53:49,58.8053,-122.7002,35.6,48,75,5.75
251,Coracao De Jesus,BR,2021-04-01 16:53:14,-16.6853,-44.365,88.34,37,20,5.32
252,Oranjemund,NA,2021-04-01 16:53:49,-28.55,16.4333,62.33,83,0,16.69
253,Marsh Harbour,BS,2021-04-01 16:53:49,26.5412,-77.0636,78.42,67,68,8.68
254,Murygino,RU,2021-04-01 16:53:49,58.7383,49.4582,33.01,94,100,7.25
255,Port Hardy,CA,2021-04-01 16:50:00,50.6996,-127.4199,42.8,87,75,5.75
256,Gat,IL,2021-04-01 16:49:16,31.61,34.7642,63.0,57,40,4.94
257,Brigantine,US,2021-04-01 16:53:50,39.4101,-74.3646,45.0,70,90,17.27
258,Bandarbeyla,SO,2021-04-01 16:53:50,9.4942,50.8122,79.11,66,18,8.37
259,Ostrovnoy,RU,2021-04-01 16:53:50,68.0531,39.5131,28.24,94,100,11.5
260,San Patricio,US,2021-04-01 16:53:50,28.017,-97.5169,66.0,32,75,19.57
261,Kavieng,PG,2021-04-01 16:53:50,-2.5744,150.7967,81.19,81,86,10.65
262,Amga,RU,2021-04-01 16:53:51,60.8953,131.9608,2.77,99,88,2.86
263,Madimba,TZ,2021-04-01 16:53:51,-10.4,40.3333,78.8,89,40,11.5
264,Yar-Sale,RU,2021-04-01 16:53:51,66.8333,70.8333,28.31,97,100,11.74
265,Kahului,US,2021-04-01 16:53:51,20.8947,-156.47,69.8,94,40,5.75
266,Norman Wells,CA,2021-04-01 16:53:52,65.282,-126.8329,3.2,78,90,14.97
267,Samarai,PG,2021-04-01 16:53:52,-10.6167,150.6667,80.44,79,99,4.92
268,Shirokiy,RU,2021-04-01 16:53:52,49.758,129.523,40.12,56,99,6.35
269,Kyaikkami,MM,2021-04-01 16:53:52,16.08,97.5675,82.98,74,95,12.95
270,Beckley,US,2021-04-01 16:52:11,37.7782,-81.1882,32.0,55,90,13.8
271,Parakan,ID,2021-04-01 16:53:53,-6.4191,106.0081,73.27,92,100,3.06
272,Airai,TL,2021-04-01 16:53:53,-8.9266,125.4092,60.17,94,100,2.51
273,Tselinnoye,RU,2021-04-01 16:53:53,53.0833,85.6667,12.06,96,63,4.09
274,Chivay,PE,2021-04-01 16:53:53,-15.6383,-71.6011,58.82,37,64,5.88
275,Shuyskoye,RU,2021-04-01 16:53:54,59.3736,41.0305,34.23,90,96,6.15
276,Upernavik,GL,2021-04-01 16:53:54,72.7868,-56.1549,29.14,65,100,6.24
277,Mehamn,NO,2021-04-01 16:53:54,71.0357,27.8492,30.42,92,100,2.75
278,Guarapari,BR,2021-04-01 16:53:54,-20.6667,-40.4975,80.6,61,0,9.22
279,Narsaq,GL,2021-04-01 16:53:55,60.9167,-46.05,35.6,80,75,3.44
280,Ponta Delgada,PT,2021-04-01 16:53:55,37.7333,-25.6667,62.6,72,20,6.91
281,Bathsheba,BB,2021-04-01 16:53:55,13.2167,-59.5167,84.2,58,40,21.85
282,Mbandaka,CD,2021-04-01 16:53:55,0.0487,18.2603,80.24,70,71,3.06
283,Lydenburg,ZA,2021-04-01 16:53:55,-25.0978,30.4597,71.01,48,17,1.01
284,Chuy,UY,2021-04-01 16:53:56,-33.6971,-53.4616,70.18,57,63,8.86
285,Sakaiminato,JP,2021-04-01 16:53:56,35.55,133.2333,53.6,76,75,19.57
286,Sobolevo,RU,2021-04-01 16:53:56,54.4299,31.8996,42.49,91,100,8.79
287,Poltavka,RU,2021-04-01 16:53:56,54.3663,71.7632,25.47,86,97,17.11
288,Sharhorod,UA,2021-04-01 16:53:57,48.7383,28.085,59.0,51,44,8.95
289,Ayan,RU,2021-04-01 16:53:57,56.45,138.1667,16.79,83,28,7.92
290,Mundybash,RU,2021-04-01 16:53:57,53.211,87.2983,16.81,97,38,2.06
291,Te Anau,NZ,2021-04-01 16:50:06,-45.4167,167.7167,53.62,96,100,5.5
292,Warwick,US,2021-04-01 16:53:58,41.7001,-71.4162,46.99,71,90,13.8
293,Mujiayingzi,CN,2021-04-01 16:53:58,42.1167,118.7833,49.78,50,100,3.53
294,Mount Isa,AU,2021-04-01 16:53:58,-20.7333,139.5,77.0,33,0,9.22
295,Makakilo City,US,2021-04-01 16:51:29,21.3469,-158.0858,73.4,83,1,5.75
296,Nampula,MZ,2021-04-01 16:53:58,-15.1165,39.2666,78.8,57,75,8.05
297,Bilibino,RU,2021-04-01 16:53:59,68.0546,166.4372,-11.94,95,79,7.18
298,Pekan,MY,2021-04-01 16:53:59,3.4836,103.3996,77.0,88,20,3.44
299,Palmas Bellas,PA,2021-04-01 16:53:59,9.2319,-80.0867,82.0,76,56,35.99
300,Necochea,AR,2021-04-01 16:53:59,-38.5473,-58.7368,69.01,53,82,7.0
301,Linguere,SN,2021-04-01 16:53:59,15.3953,-15.1193,108.75,4,6,9.86
302,Chauk,MM,2021-04-01 16:54:00,20.8833,94.8167,82.49,60,4,12.1
303,Bereda,ES,2021-04-01 16:54:00,43.2686,-7.5406,63.0,91,100,10.0
304,Arlit,NE,2021-04-01 16:54:00,18.7369,7.3853,90.57,5,0,5.37
305,Price,US,2021-04-01 16:54:00,39.5994,-110.8107,42.8,24,1,4.61
306,Lasa,IT,2021-04-01 16:54:01,46.6166,10.7002,82.4,39,20,6.91
307,Sola,VU,2021-04-01 16:54:01,-13.8833,167.55,81.73,77,100,6.49
308,Nishihara,JP,2021-04-01 16:54:01,26.1842,127.7558,75.2,100,75,9.22
309,Kavaratti,IN,2021-04-01 16:54:01,10.5669,72.642,83.95,64,80,13.87
310,Nova Olimpia,BR,2021-04-01 16:54:02,-14.7972,-57.2881,92.16,47,52,2.13
311,Verkhniy Rohachyk,UA,2021-04-01 16:54:02,47.2505,34.338,50.07,62,1,5.59
312,Puerto Narino,CO,2021-04-01 16:54:02,-3.7703,-70.3831,86.0,70,40,5.75
313,Tautira,PF,2021-04-01 16:54:02,-17.7333,-149.15,78.8,78,40,4.61
314,Tuxpan,MX,2021-04-01 16:54:03,19.55,-103.4,84.2,39,20,5.01
315,North Bend,US,2021-04-01 16:54:03,43.4065,-124.2243,57.99,93,40,5.75
316,Ketchikan,US,2021-04-01 16:54:03,55.3422,-131.6461,33.8,100,75,12.66
317,Vuktyl,RU,2021-04-01 16:54:03,63.8567,57.3094,30.31,94,100,7.52
318,Dongargaon,IN,2021-04-01 16:54:04,20.9667,80.85,83.17,11,1,4.72
319,Krasnoshchekovo,RU,2021-04-01 16:54:04,51.6708,82.7289,10.47,97,19,3.22
320,Gumdag,TM,2021-04-01 16:54:04,39.2061,54.5906,63.5,31,4,23.64
321,Aguascalientes,MX,2021-04-01 16:51:59,21.8833,-102.3,66.2,37,20,10.36
322,Atambua,ID,2021-04-01 16:49:17,-9.1061,124.8925,72.84,89,99,0.34
323,Saint Anthony,US,2021-04-01 16:54:04,45.0205,-93.218,37.0,32,1,6.91
324,Illapel,CL,2021-04-01 16:54:05,-31.6308,-71.1653,76.03,44,0,7.78
325,Dovers,VC,2021-04-01 16:54:05,12.8833,-61.1833,84.2,65,20,14.97
326,Padang,ID,2021-04-01 16:54:05,-0.9492,100.3543,78.8,83,90,1.14
327,Tanout,NE,2021-04-01 16:54:05,14.9709,8.8879,88.0,6,3,11.65
328,Hovd,MN,2021-04-01 16:54:05,48.0056,91.6419,28.31,64,98,3.27
329,Kaitangata,NZ,2021-04-01 16:54:06,-46.2817,169.8464,60.01,67,100,7.0
330,San Ramon De La Nueva Oran,AR,2021-04-01 16:54:06,-23.1322,-64.326,73.0,82,100,0.69
331,Los Llanos De Aridane,ES,2021-04-01 16:54:06,28.6585,-17.9182,69.8,68,40,8.05
332,Ancud,CL,2021-04-01 16:54:06,-41.8697,-73.8203,62.01,94,90,3.44
333,Kalmunai,LK,2021-04-01 16:54:07,7.4167,81.8167,81.1,76,1,7.27
334,Mackay,AU,2021-04-01 16:54:07,-21.15,149.2,71.6,78,90,11.5
335,Saint-Joseph,RE,2021-04-01 16:54:07,-21.3667,55.6167,80.6,65,40,17.27
336,Fairbanks,US,2021-04-01 16:54:07,64.8378,-147.7164,3.0,85,90,8.05
337,Sisimiut,GL,2021-04-01 16:54:08,66.9395,-53.6735,32.86,94,100,47.18
338,Trelew,AR,2021-04-01 16:54:08,-43.249,-65.3051,69.78,46,100,7.25
339,Nusaybin,TR,2021-04-01 16:54:08,37.0778,41.2178,56.03,51,18,6.67
340,Ayna,PE,2021-04-01 16:54:08,-12.65,-73.9167,62.6,63,40,3.44
341,Berlevag,NO,2021-04-01 16:54:08,70.8578,29.0864,32.13,84,100,4.61
342,Halle,DE,2021-04-01 16:54:09,51.5,12.0,59.0,58,0,20.71
343,Port Hedland,AU,2021-04-01 16:54:09,-20.3167,118.5667,77.0,73,0,5.75
344,Carroll,US,2021-04-01 16:54:09,39.5501,-77.0164,42.01,93,90,5.75
345,Paamiut,GL,2021-04-01 16:54:10,61.994,-49.6678,36.3,82,100,42.19
346,Nhulunbuy,AU,2021-04-01 16:54:10,-12.2333,136.7667,80.6,83,40,6.91
347,Clyde River,CA,2021-04-01 16:54:10,70.4692,-68.5914,-13.0,77,75,36.82
348,Pahrump,US,2021-04-01 16:52:07,36.2083,-115.9839,61.0,8,20,1.01
349,Grand-Santi,GF,2021-04-01 16:54:10,4.25,-54.3833,86.72,61,84,5.01
350,Puerto Leguizamo,CO,2021-04-01 16:54:10,-0.1934,-74.7819,90.61,51,74,2.1
351,Malkangiri,IN,2021-04-01 16:54:11,18.35,81.9,83.93,18,45,3.29
352,Eyl,SO,2021-04-01 16:54:11,7.9803,49.8164,78.6,64,0,9.48
353,Katherine,AU,2021-04-01 16:54:11,-14.4667,132.2667,80.6,65,90,6.91
354,Morant Bay,JM,2021-04-01 16:54:11,17.8815,-76.4093,84.2,65,40,17.27
355,Klyuchi,RU,2021-04-01 16:54:12,52.2667,79.1667,17.56,94,7,5.97
356,Severnyy,RU,2021-04-01 16:54:12,50.677,36.5532,53.6,54,0,2.24
357,Molodiya,UA,2021-04-01 16:54:12,48.2233,26.0214,62.01,54,0,8.05
358,Anaco,VE,2021-04-01 16:54:12,9.4389,-64.4728,92.05,37,99,11.36
359,Saint-Augustin,CA,2021-04-01 16:54:13,51.226,-58.6502,33.48,99,100,5.88
360,Yumen,CN,2021-04-01 16:54:13,40.2833,97.2,41.04,34,100,9.08
361,Naryan-Mar,RU,2021-04-01 16:54:13,67.6713,53.087,26.89,96,99,2.77
362,Dukat,RU,2021-04-01 16:54:13,62.55,155.55,-2.18,99,100,5.88
363,Forestville,US,2021-04-01 16:54:14,38.8451,-76.875,48.2,76,75,11.5
364,Alofi,NU,2021-04-01 16:54:14,-19.0595,-169.9187,77.0,94,5,4.61
365,Belmonte,BR,2021-04-01 16:54:14,-15.8631,-38.8828,89.6,58,40,17.27
366,Nueve De Julio,AR,2021-04-01 16:54:14,-35.4444,-60.8831,79.0,42,3,5.99
367,Vila,PT,2021-04-01 16:54:15,42.0304,-8.1588,57.0,91,99,5.01
368,Anjiang,CN,2021-04-01 16:54:15,27.3194,110.1031,57.52,96,100,3.15
369,Honolulu,US,2021-04-01 16:54:15,21.3069,-157.8583,73.4,73,75,10.36
370,Aksarka,RU,2021-04-01 16:54:15,66.5606,67.7975,22.64,97,97,4.09
371,Husavik,IS,2021-04-01 16:54:16,66.0449,-17.3389,48.2,46,40,5.75
372,Lorengau,PG,2021-04-01 16:54:16,-2.0226,147.2712,82.44,76,100,4.65
373,Vilhena,BR,2021-04-01 16:50:14,-12.7406,-60.1458,84.2,61,75,2.3
374,Aksu,CN,2021-04-01 16:54:16,41.1231,80.2644,41.95,72,100,6.91
375,Abu Samrah,SY,2021-04-01 16:54:16,35.3029,37.1841,53.65,60,73,12.73
376,La Asuncion,VE,2021-04-01 16:54:17,11.0333,-63.8628,79.97,72,47,16.35
377,Koubia,GN,2021-04-01 16:54:17,11.5833,-11.9,99.32,7,15,7.83
378,La Brea,HN,2021-04-01 16:54:17,15.8,-85.9667,84.2,74,40,3.44
379,Loanda,AO,2021-04-01 16:52:02,-8.8368,13.2343,84.2,70,20,10.36
380,Metro,ID,2021-04-01 16:54:17,-5.1131,105.3067,73.63,90,100,2.84
381,Lewistown,US,2021-04-01 16:54:18,40.5992,-77.5714,42.01,56,90,12.66
382,Torbay,CA,2021-04-01 16:54:18,47.6666,-52.7314,44.01,48,75,4.61
383,Biak,ID,2021-04-01 16:54:18,-0.9131,122.8766,77.99,83,99,3.36
384,Camacha,PT,2021-04-01 16:54:18,33.0833,-16.3333,66.2,72,40,14.97
385,Zhangye,CN,2021-04-01 16:51:19,38.9342,100.4517,40.33,47,100,7.47
386,Kant,IN,2021-04-01 16:54:19,27.8,79.8,75.54,5,0,8.12
387,Yarkovo,RU,2021-04-01 16:54:19,57.4028,67.0786,34.34,97,100,13.69
388,Havoysund,NO,2021-04-01 16:54:19,70.9963,24.6622,33.8,80,0,2.3
389,Collie,AU,2021-04-01 16:54:20,-33.3667,116.15,63.0,85,56,1.01
390,Byron Bay,AU,2021-04-01 16:54:01,-28.65,153.6167,69.8,78,90,11.5
391,Constantine,DZ,2021-04-01 16:54:20,36.365,6.6147,77.0,20,40,13.8
392,Bardiyah,LY,2021-04-01 16:54:20,31.7561,25.0865,58.44,53,20,17.49
393,Pemberton,CA,2021-04-01 16:54:21,50.3164,-122.8027,41.0,70,90,5.35
394,Semey,KZ,2021-04-01 16:54:21,50.4111,80.2275,18.99,95,21,3.02
395,Mikhaylovskoye,RU,2021-04-01 16:54:21,51.8239,79.7172,18.48,95,8,3.89
396,Vardo,NO,2021-04-01 16:54:22,70.3705,31.1107,32.63,83,99,9.13
397,Vagur,FO,2021-04-01 16:54:22,61.4732,-6.8119,44.76,84,59,22.88
398,Sibiti,CG,2021-04-01 16:54:22,-3.6819,13.3499,73.62,93,79,1.97
399,Kirakira,SB,2021-04-01 16:54:22,-10.4544,161.9205,80.71,86,82,8.34
400,Bairiki,KI,2021-04-01 16:54:22,1.3292,172.9752,80.6,83,20,6.91
401,Russell,US,2021-04-01 16:54:23,32.3502,-85.1999,53.6,35,1,18.41
402,Cocobeach,GA,2021-04-01 16:54:23,1.0002,9.5823,84.2,74,20,9.22
403,Noumea,NC,2021-04-01 16:54:23,-22.2763,166.4572,78.01,83,100,4.61
404,Mahibadhoo,MV,2021-04-01 16:54:23,3.7833,72.9667,83.91,75,99,12.39
405,Nabire,ID,2021-04-01 16:54:24,-3.3667,135.4833,76.28,93,100,2.84
406,Leningradskiy,RU,2021-04-01 16:54:24,69.3833,178.4167,-4.77,96,100,3.4
407,Flin Flon,CA,2021-04-01 16:54:24,54.7682,-101.865,35.6,64,90,6.91
408,Todos Santos,MX,2021-04-01 16:54:24,23.45,-110.2167,73.0,50,100,4.0
409,Marzuq,YE,2021-04-01 16:54:25,14.4,46.4667,72.66,28,70,7.29
410,Catamarca,AR,2021-04-01 16:54:25,-28.4696,-65.7852,79.0,66,41,5.99
411,Chinsali,ZM,2021-04-01 16:54:25,-10.5414,32.0816,63.86,96,45,6.49
412,Mantua,IT,2021-04-01 16:54:25,45.1667,10.7833,77.0,29,0,6.91
413,Honiara,SB,2021-04-01 16:54:26,-9.4333,159.95,77.83,88,92,2.1
414,Port Augusta,AU,2021-04-01 16:54:26,-32.5,137.7667,64.0,67,0,3.44
415,Mbini,GQ,2021-04-01 16:54:26,1.574,9.6134,86.0,79,20,9.22
416,Kifri,IQ,2021-04-01 16:54:27,34.6959,44.9661,70.29,27,0,10.74
417,Thinadhoo,MV,2021-04-01 16:54:27,0.5333,72.9333,83.84,79,100,15.41
418,Kaka,TM,2021-04-01 16:54:27,37.3482,59.6143,57.6,34,98,15.59
419,Bosaso,SO,2021-04-01 16:54:28,11.2842,49.1816,80.35,64,25,1.05
420,Henties Bay,NA,2021-04-01 16:54:28,-22.116,14.2845,69.01,80,31,11.99
421,Katsuura,JP,2021-04-01 16:54:28,35.1333,140.3,59.0,77,75,13.8
422,Nueva Gerona,CU,2021-04-01 16:54:28,21.8833,-82.8,82.62,58,15,12.57
423,Forio,IT,2021-04-01 16:54:28,40.7342,13.8646,62.01,87,1,5.99
424,Aquiraz,BR,2021-04-01 16:54:29,-3.9014,-38.3911,89.01,66,40,18.41
425,Coihaique,CL,2021-04-01 16:54:29,-45.5752,-72.0662,50.0,87,90,4.61
426,Aklavik,CA,2021-04-01 16:54:29,68.2191,-135.0107,-13.0,77,75,11.5
427,Aswan,EG,2021-04-01 16:54:29,24.0934,32.907,74.7,17,0,8.75
428,Avera,US,2021-04-01 16:54:30,33.194,-82.5271,57.99,33,1,11.5
429,Devarkonda,IN,2021-04-01 16:54:30,16.7,78.9333,90.0,14,83,2.86
430,Puerto Del Rosario,ES,2021-04-01 16:54:30,28.5004,-13.8627,77.0,41,20,14.97
431,Garowe,SO,2021-04-01 16:54:30,8.4054,48.4845,80.37,30,16,17.18
432,Hami,CN,2021-04-01 16:54:31,42.8,93.45,49.91,22,0,6.55
433,Loukisia,GR,2021-04-01 16:54:31,38.4833,23.45,51.8,58,20,4.61
434,Esterhazy,CA,2021-04-01 16:54:31,50.65,-102.0843,44.6,36,76,13.8
435,Razole,IN,2021-04-01 16:54:31,16.4833,81.8333,87.8,62,20,8.05
436,Saint-Paul,RE,2021-04-01 16:51:48,-21.0096,55.2707,78.8,69,90,9.22
437,Isawa,JP,2021-04-01 16:54:32,35.65,138.6333,57.99,78,100,1.95
438,Lompoc,US,2021-04-01 16:51:11,34.6391,-120.4579,71.01,41,1,6.91
439,Sarankhola,BD,2021-04-01 16:54:32,22.3082,89.7897,78.21,87,2,9.8
440,Turan,VN,2021-04-01 16:54:32,16.0678,108.2208,78.8,89,20,3.44
441,Koslan,RU,2021-04-01 16:54:32,63.4564,48.8989,32.43,97,100,7.11
442,Novyy Urengoy,RU,2021-04-01 16:54:33,66.0833,76.6333,19.58,94,100,17.25
443,Strezhevoy,RU,2021-04-01 16:54:33,60.7333,77.5889,30.2,100,90,4.47
444,Port-Cartier,CA,2021-04-01 16:54:33,50.0334,-66.8654,33.8,100,90,11.5
445,San Pedro,PH,2021-04-01 16:54:33,14.35,121.0167,82.4,69,20,6.91
446,Anadyr,RU,2021-04-01 16:54:34,64.75,177.4833,14.0,79,75,13.42
447,Camabatela,AO,2021-04-01 16:54:34,-8.1881,15.375,65.66,92,74,1.63
448,Puerto Carreno,CO,2021-04-01 16:54:34,6.189,-67.4859,94.98,38,91,1.45
449,Jashpurnagar,IN,2021-04-01 16:54:34,22.9,84.15,72.05,5,0,8.37
450,Taoudenni,ML,2021-04-01 16:54:35,22.6783,-3.9836,101.41,4,44,11.21
451,Svetlaya,RU,2021-04-01 16:54:35,46.5389,138.3297,34.47,80,5,7.05
452,Nadym,RU,2021-04-01 16:54:35,65.5333,72.5167,29.16,97,100,9.48
453,Poya,NC,2021-04-01 16:54:35,-21.35,165.15,73.11,85,100,8.59
454,Palmer,US,2021-04-01 16:54:36,42.1584,-72.3287,46.0,61,90,21.85
455,Yerbogachen,RU,2021-04-01 16:54:36,61.2767,108.0108,-8.77,100,95,1.34
456,Cerritos,US,2021-04-01 16:54:36,33.8583,-118.0648,82.0,18,20,5.75
457,Khandyga,RU,2021-04-01 16:54:36,62.6667,135.6,17.35,97,100,3.38
458,Saskylakh,RU,2021-04-01 16:54:37,71.9167,114.0833,-36.0,100,100,5.1
459,Charleville-Mezieres,FR,2021-04-01 16:54:37,49.7667,4.7167,64.0,67,8,11.5
460,Hilpoltstein,DE,2021-04-01 16:54:37,49.19,11.1886,69.8,30,0,9.22
461,Olinda,BR,2021-04-01 16:54:37,-8.0089,-34.8553,84.2,61,40,9.22
462,Bukachacha,RU,2021-04-01 16:54:37,52.9833,116.9167,23.18,82,100,3.44
463,Topolobampo,MX,2021-04-01 16:54:38,25.6,-109.05,68.0,64,75,9.17
464,Rafsanjan,IR,2021-04-01 16:54:38,30.4067,55.9939,74.32,13,0,2.68
465,Milkovo,RU,2021-04-01 16:54:38,54.7167,158.6167,30.38,98,100,4.05
466,Dalvik,IS,2021-04-01 16:54:38,65.9702,-18.5286,48.2,46,40,5.75
467,Humaita,BR,2021-04-01 16:51:13,-7.5061,-63.0208,91.36,50,75,1.43
468,Coquimbo,CL,2021-04-01 16:54:39,-29.9533,-71.3436,62.6,67,90,6.91
469,Nuevo Casas Grandes,MX,2021-04-01 16:54:39,30.4167,-107.9167,64.0,22,46,10.0
470,Mosquera,CO,2021-04-01 16:51:47,4.7059,-74.2302,66.2,52,75,4.61
471,Maragogi,BR,2021-04-01 16:54:39,-9.0122,-35.2225,84.78,63,90,12.73
472,Tsumeb,NA,2021-04-01 16:54:39,-19.2333,17.7167,67.98,67,100,5.95
473,Albanel,CA,2021-04-01 16:54:40,48.8832,-72.4487,19.4,63,100,17.27
474,Kurumkan,RU,2021-04-01 16:54:40,54.3,110.3,13.05,82,20,7.18
475,Nelson Bay,AU,2021-04-01 16:54:40,-32.7167,152.15,60.01,100,25,4.61
476,Rugby,GB,2021-04-01 16:54:40,52.3709,-1.2642,48.99,78,56,1.99
477,Bam,IR,2021-04-01 16:54:41,29.106,58.357,74.3,10,0,1.14
478,Tarata,BO,2021-04-01 16:54:41,-17.6167,-66.0167,69.8,49,75,3.44
479,Gillette,US,2021-04-01 16:54:41,44.2911,-105.5022,54.0,25,1,9.22
480,Mporokoso,ZM,2021-04-01 16:54:41,-9.3727,30.125,62.85,94,32,4.47
481,Rawson,AR,2021-04-01 16:54:42,-43.3002,-65.1023,67.59,54,100,7.27
482,Novikovo,RU,2021-04-01 16:54:42,51.1537,37.8879,47.52,70,27,7.4
483,Deputatskiy,RU,2021-04-01 16:54:42,69.3,139.9,-1.19,97,100,0.29
484,Hambantota,LK,2021-04-01 16:54:42,6.1241,81.1185,81.05,82,76,14.83
485,Varkaus,FI,2021-04-01 16:54:43,62.3153,27.873,39.99,52,0,6.91
486,Ballyshannon,IE,2021-04-01 16:54:43,54.5,-8.1833,53.6,71,0,11.5
487,Karratha,AU,2021-04-01 16:53:12,-20.7377,116.8463,83.23,64,0,1.92
488,Umm Kaddadah,SD,2021-04-01 16:54:43,13.6017,26.6876,83.32,12,9,13.65
489,Pevek,RU,2021-04-01 16:54:43,69.7008,170.3133,-17.54,97,71,1.3
490,Turayf,SA,2021-04-01 16:54:44,31.6725,38.6637,62.6,42,40,6.91
491,Aranos,NA,2021-04-01 16:54:44,-24.1333,19.1167,81.86,28,21,1.74
492,Bundaberg,AU,2021-04-01 16:54:44,-24.85,152.35,69.01,94,15,8.05
493,Bose,IT,2021-04-01 16:54:44,45.4612,8.0137,77.0,33,0,1.14
494,Asyut,EG,2021-04-01 16:54:45,27.181,31.1837,73.4,25,0,12.66
495,Lohja,FI,2021-04-01 16:54:45,60.2486,24.0653,43.0,56,47,5.99
496,Talnakh,RU,2021-04-01 16:54:45,69.4865,88.3972,-13.41,78,2,6.91
497,Boffa,GN,2021-04-01 16:54:45,10.1667,-14.0333,86.59,47,30,12.46
498,Stara Moravica,RS,2021-04-01 16:54:46,45.8689,19.4661,69.8,52,0,4.61
499,Iqaluit,CA,2021-04-01 16:54:46,63.7506,-68.5145,-18.0,63,40,21.85
500,Popondetta,PG,2021-04-01 16:54:46,-8.7537,148.2534,74.08,96,99,2.44
501,Muros,ES,2021-04-01 16:54:46,42.7762,-9.0603,64.99,67,86,7.52
502,Lensk,RU,2021-04-01 16:54:47,60.7253,114.9278,3.56,90,89,6.93
503,Russellville,US,2021-04-01 16:51:40,35.2784,-93.1338,55.99,25,1,9.22
504,La Ronge,CA,2021-04-01 16:54:47,55.1001,-105.2842,35.6,69,84,6.91
505,Groningen,NL,2021-04-01 16:50:26,53.25,6.75,46.99,71,75,11.5
506,Pimentel,PE,2021-04-01 16:51:32,-6.8367,-79.9342,78.8,65,0,9.22
507,Christchurch,NZ,2021-04-01 16:52:22,-43.5333,172.6333,51.01,87,40,4.61
508,Ikalamavony,MG,2021-04-01 16:54:47,-21.15,46.5833,68.61,84,28,7.85
509,Kokopo,PG,2021-04-01 16:54:47,-4.352,152.2633,78.55,83,80,2.19
510,Farafangana,MG,2021-04-01 16:54:48,-22.8167,47.8333,76.24,74,91,7.83
511,Ishigaki,JP,2021-04-01 16:54:48,24.3448,124.1572,76.46,92,25,6.93
512,Coffs Harbour,AU,2021-04-01 16:54:48,-30.3,153.1333,64.99,94,90,9.22
513,Dudinka,RU,2021-04-01 16:54:48,69.4058,86.1778,-16.94,95,19,6.67
514,Mimoso Do Sul,BR,2021-04-01 16:54:49,-21.0642,-41.3664,82.51,65,66,5.55
515,Jiayuguan,CN,2021-04-01 16:53:52,39.8167,98.3,40.23,41,100,4.97
516,Charlestown,AU,2021-04-01 16:52:16,-32.95,151.6667,62.01,93,41,1.59
517,Fereydun Kenar,IR,2021-04-01 16:54:49,36.6864,52.5225,51.8,93,75,2.3
518,Sabancuy,MX,2021-04-01 16:54:49,18.9667,-91.1833,85.51,53,97,9.35
519,Preston,GB,2021-04-01 16:54:49,53.7667,-2.7167,50.0,71,20,16.11
520,Hastings,GB,2021-04-01 16:54:50,50.8552,0.5729,48.0,81,2,8.99
521,Siocon,PH,2021-04-01 16:54:50,7.7061,122.1353,79.11,86,100,2.91
522,Astana,KZ,2021-04-01 16:54:50,51.1801,71.446,14.0,92,0,11.18
523,Great Falls,US,2021-04-01 16:54:50,47.5002,-111.3008,55.0,25,1,23.02
524,Pafos,CY,2021-04-01 16:54:51,34.7667,32.4167,51.8,82,40,8.05
525,Pangody,RU,2021-04-01 16:54:51,65.85,74.4859,26.56,96,100,11.34
526,Prince Rupert,CA,2021-04-01 16:54:51,54.3161,-130.3201,39.2,93,90,12.66
527,Narsingdi,BD,2021-04-01 16:54:51,23.9208,90.7181,86.0,62,75,20.71
528,Nioki,CD,2021-04-01 16:54:52,-2.7167,17.6833,79.3,72,68,3.44
529,Jaguarari,BR,2021-04-01 16:54:52,-10.2639,-40.1958,87.31,39,98,6.06
530,Linjiang,CN,2021-04-01 16:54:52,41.8069,126.9078,49.98,64,100,2.86
531,Axim,GH,2021-04-01 16:54:52,4.8699,-2.2405,83.48,72,25,8.93
532,Kilis,TR,2021-04-01 16:54:52,36.7161,37.115,50.0,62,0,11.01
533,Hailar,CN,2021-04-01 16:54:53,49.2,119.7,40.78,81,100,14.12
534,Polyarnyy,RU,2021-04-01 16:54:53,69.1989,33.4478,33.8,86,75,6.71
535,Atlantis,ZA,2021-04-01 16:54:53,-33.5667,18.4834,66.0,70,28,10.98
536,San Vicente,AR,2021-04-01 16:54:53,-26.6167,-54.1333,77.0,29,12,4.21
537,San Luis,AR,2021-04-01 16:50:12,-33.295,-66.3356,73.33,43,50,5.26
538,Jizan,SA,2021-04-01 16:54:54,17.3333,42.6667,86.0,62,0,8.05
539,Comarapa,BO,2021-04-01 16:54:54,-17.9,-64.4833,56.64,95,100,2.84
540,Bambanglipuro,ID,2021-04-01 16:54:54,-7.95,110.2833,76.08,91,100,6.6
541,Genteng,ID,2021-04-01 16:54:54,-8.3667,114.15,72.75,94,100,2.84
542,Dingle,PH,2021-04-01 16:54:55,10.9995,122.6711,75.81,85,99,8.41
543,Safford,US,2021-04-01 16:54:55,32.834,-109.7076,64.99,16,1,12.66
544,Turka,UA,2021-04-01 16:54:55,49.1541,23.0297,55.99,100,99,11.99
545,Pelym,RU,2021-04-01 16:54:55,61.0108,61.9978,28.72,95,43,4.72
546,Bogande,BF,2021-04-01 16:54:56,12.9714,-0.1436,98.98,3,12,12.82
547,Rosetta,EG,2021-04-01 16:51:15,31.4044,30.4164,60.8,59,40,18.41
548,Longyearbyen,SJ,2021-04-01 16:54:56,78.2186,15.6401,30.2,69,75,13.8
549,Saint-Pierre,RE,2021-04-01 16:54:56,-21.3393,55.4781,80.6,65,40,17.27
550,Okha,RU,2021-04-01 16:54:56,53.5739,142.9478,21.83,88,91,7.76
551,Canmore,CA,2021-04-01 16:54:57,51.0834,-115.3521,46.4,41,72,6.91
552,Tucuman,AR,2021-04-01 16:50:05,-26.8241,-65.2226,71.6,78,75,6.91
553,Mikhaylovka,RU,2021-04-01 16:54:57,50.06,43.2379,48.0,63,1,3.0
554,Mimongo,GA,2021-04-01 16:54:57,-1.6195,11.6068,73.62,89,100,0.89
555,Zabid,YE,2021-04-01 16:54:57,14.1951,43.3152,84.69,47,48,5.32
556,Salinas,US,2021-04-01 16:53:19,36.6777,-121.6555,71.6,47,1,11.5
557,Soe,ID,2021-04-01 16:54:58,-9.8607,124.284,66.94,97,100,2.28
